SET @OLD_UNIQUE_CHECKS = @@UNIQUE_CHECKS, UNIQUE_CHECKS = 0;
SET @OLD_FOREIGN_KEY_CHECKS = @@FOREIGN_KEY_CHECKS, FOREIGN_KEY_CHECKS = 0;

START TRANSACTION;
USE `concertPlanner`;
DELETE FROM Composition_Program WHERE user_Id = 100;
DELETE FROM Program WHERE user_Id = 100;
DELETE FROM Musician WHERE user_Id = 100;
DELETE FROM Composition_Instrument WHERE user_Id = 100;
DELETE FROM Composition WHERE user_Id = 100;
DELETE FROM Composer WHERE user_Id = 100;
DELETE FROM Nationality WHERE user_Id = 100;
DELETE FROM Instrument WHERE user_Id = 100;
DELETE FROM Instrument_Category WHERE user_Id = 100;
COMMIT;
START TRANSACTION;
USE concertPlanner;
INSERT INTO Nationality (`Id`, `nationality`, `user_Id`) VALUES (10001, 'American', 100);
INSERT INTO `Nationality` (`Id`, `nationality`, `user_Id`) VALUES (10002, 'Muldovian', 100);
INSERT INTO `Nationality` (`Id`,`nationality`, `user_Id`) VALUES (10003, 'French', 100);
COMMIT;
START TRANSACTION;
USE `concertPlanner`;
INSERT INTO `concertPlanner`.`Composer` (`Id`, `first_name`, `last_name`, `birth_year`, `death_year`, `Nationality_id`, `user_Id`) VALUES (10001, 'Mark', 'Mellits', 1966, NULL, 10001, 100);
INSERT INTO `concertPlanner`.`Composer` (`Id`, `first_name`, `last_name`, `birth_year`, `death_year`, `Nationality_id`, `user_Id`) VALUES (10002, 'John', 'Jeffery-Gibbens', 1959, NULL, 10001, 100);
INSERT INTO `concertPlanner`.`Composer` (`Id`,`first_name`, `last_name`, `birth_year`, `death_year`, `Nationality_id`, `user_Id`) VALUES (10003, 'John', 'Cage', 1912, 1992, 10001, 100);
INSERT INTO `concertPlanner`.`Composer` (`Id`,`first_name`, `last_name`, `birth_year`, `death_year`, `Nationality_id`, `user_Id`) VALUES (10004, 'Valeria', 'Luta', NULL, NULL, 10002, 100);
INSERT INTO `concertPlanner`.`Composer` (`Id`,`first_name`, `last_name`, `birth_year`, `death_year`, `Nationality_id`, `user_Id`) VALUES (10005, 'John', 'Luther Adams', NULL, NULL, 10001, 100);
INSERT INTO `concertPlanner`.`Composer` (`Id`,`first_name`, `last_name`, `birth_year`, `death_year`, `Nationality_id`, `user_Id`) VALUES (10006, 'Steve', 'Reich', 1936, NULL, 10001, 100);
COMMIT;
START TRANSACTION;
USE `concertPlanner`;
INSERT INTO `concertPlanner`.Instrument_Category (`Id`,`category`, `user_Id`) VALUES (10001,'Keyboards', 100);
INSERT INTO `concertPlanner`.Instrument_Category (`Id`,`category`, `user_Id`) VALUES (10002,'Skins', 100);
INSERT INTO `concertPlanner`.Instrument_Category (`Id`,`category`, `user_Id`) VALUES (10003,'Woods', 100);
INSERT INTO `concertPlanner`.Instrument_Category (`Id`,`category`, `user_Id`) VALUES (10004,'Metals', 100);
INSERT INTO `concertPlanner`.Instrument_Category (`Id`,`category`, `user_Id`) VALUES (10005,'Accessories', 100);
INSERT INTO `concertPlanner`.Instrument_Category (`Id`,`category`, `user_Id`) VALUES (10006,'Other', 100);
COMMIT;
START TRANSACTION;
USE `concertPlanner`;
INSERT INTO `concertPlanner`.`Instrument` (`Id`,`name`, Instrument_Category_id, `user_Id`) VALUES (10001,'Marimba', 10001, 100);
INSERT INTO `concertPlanner`.`Instrument` (`Id`,`name`, Instrument_Category_id, `user_Id`) VALUES (10002,'Vibraphone', 10001, 100);
INSERT INTO `concertPlanner`.`Instrument` (`Id`,`name`, Instrument_Category_id, `user_Id`) VALUES (10003,'Marimba - Quarter Tone', 10001, 100);
INSERT INTO `concertPlanner`.`Instrument` (`Id`,`name`, Instrument_Category_id, `user_Id`) VALUES (10004,'Tuned Gong', 10004, 100);
INSERT INTO `concertPlanner`.`Instrument` (`Id`,`name`, Instrument_Category_id, `user_Id`) VALUES (10005,'Galvatone - Naturals', 10001, 100);
INSERT INTO `concertPlanner`.`Instrument` (`Id`,`name`, Instrument_Category_id, `user_Id`) VALUES (10006,'Galvatone - Quarter Tone', 10001, 100);
INSERT INTO `concertPlanner`.`Instrument` (`Id`,`name`, Instrument_Category_id, `user_Id`) VALUES (10007,'Tin Cans', 10004, 100);
INSERT INTO `concertPlanner`.`Instrument` (`Id`,`name`, Instrument_Category_id, `user_Id`) VALUES (10008,'Piano', 10006, 100);
INSERT INTO `concertPlanner`.`Instrument` (`Id`,`name`, Instrument_Category_id, `user_Id`) VALUES (10009,'Drum', 10002, 100);
INSERT INTO `concertPlanner`.`Instrument` (`Id`,`name`, Instrument_Category_id, `user_Id`) VALUES (10010,'Clave', 10003, 100);
INSERT INTO `concertPlanner`.`Instrument` (`Id`,`name`, Instrument_Category_id, `user_Id`) VALUES (10011,'Miraccas', 10005, 100);
INSERT INTO `concertPlanner`.`Instrument` (`Id`,`name`, Instrument_Category_id, `user_Id`) VALUES (10012,'Log Drum', 10003, 100);
INSERT INTO `concertPlanner`.`Instrument` (`Id`,`name`, Instrument_Category_id, `user_Id`) VALUES (10013,'China Symbol', 10004, 100);
INSERT INTO `concertPlanner`.`Instrument` (`Id`,`name`, Instrument_Category_id, `user_Id`) VALUES (10014,'Indo Chinese Rattle', 10005, 100);
INSERT INTO `concertPlanner`.`Instrument` (`Id`,`name`, Instrument_Category_id, `user_Id`) VALUES (10015,'Lion\'s Roar', 10002, 100);
INSERT INTO `concertPlanner`.`Instrument` (`Id`,`name`, Instrument_Category_id, `user_Id`) VALUES (10016,'Cow Bell', 10005, 100);
INSERT INTO `concertPlanner`.`Instrument` (`Id`,`name`, Instrument_Category_id, `user_Id`) VALUES (10017,'Cricket Caller', 10005, 100);
INSERT INTO `concertPlanner`.`Instrument` (`Id`,`name`, Instrument_Category_id, `user_Id`) VALUES (10018,'Vibraslap', 10005, 100);
INSERT INTO `concertPlanner`.`Instrument` (`Id`,`name`, Instrument_Category_id, `user_Id`) VALUES (10019,'Conch Shell', 10005, 100);
INSERT INTO `concertPlanner`.`Instrument` (`Id`,`name`, Instrument_Category_id, `user_Id`) VALUES (10020,'Hammer Dulcimer', 10006, 100);
COMMIT;
START TRANSACTION;
USE `concertPlanner`;
INSERT INTO `concertPlanner`.`Musician` (`Id`,`last_name`, `first_name`, `phone_number`, `email`, `status`, `user_Id`) VALUES (10001, 'Sean', 'Kleve', '123', 'sean@clocksinmotionpercussion.com', 'Active', 100);
INSERT INTO `concertPlanner`.`Musician` (`Id`,`first_name`, `last_name`, `phone_number`, `email`, `status`, `user_Id`) VALUES (10002,'Matthew', 'Coley', '123', 'matthew@clocksinmotionpercussion.com', 'Active', 100);
INSERT INTO `concertPlanner`.`Musician` (`Id`,`first_name`, `last_name`, `phone_number`, `email`, `status`, `user_Id`) VALUES (10003,'Andrew', 'Viet', '123', 'andrew@clocksinmotionpercussion.com', 'Inactive', 100);
INSERT INTO `concertPlanner`.`Musician` (`Id`,`first_name`, `last_name`, `phone_number`, `email`, `status`, `user_Id`) VALUES (10004,'Kyle', 'Flens', '123', 'kyle@clocksinmotionpercussion.com', 'Substitute', 100);
INSERT INTO `concertPlanner`.`Musician` (`Id`,`first_name`, `last_name`, `phone_number`, `email`, `status`, `user_Id`) VALUES (10005,'Chris', 'Jones', '123', 'chris@clocksinmotionpercussion.com', 'Active', 100);
COMMIT;
START TRANSACTION;
USE `concertPlanner`;
INSERT INTO `concertPlanner`.`Composition` (`Id`,`title`, `arranger`, `duration`, `year`, `clocks_commission`, `number_of_players`, `notes`, `Composer_Id`, `user_Id`) VALUES (10001,'Gravity', NULL, 1, 2010, 1, 4, NULL, 10001, 100);
INSERT INTO `concertPlanner`.`Composition` (`Id`,`title`, `arranger`, `duration`, `year`, `clocks_commission`, `number_of_players`, `notes`, `Composer_Id`, `user_Id`) VALUES (10002,'Red', NULL, 1, 2008, 1, 2, NULL, 10001, 100);
INSERT INTO `concertPlanner`.`Composition` (`Id`,`title`, `arranger`, `duration`, `year`, `clocks_commission`, `number_of_players`, `notes`, `Composer_Id`, `user_Id`) VALUES (10003,'Third Construction', NULL, 1, 2019, 1, 10004, 'notes', 3, 100);
INSERT INTO `concertPlanner`.`Composition` (`Id`,`title`, `arranger`, `duration`, `year`, `clocks_commission`, `number_of_players`, `notes`, `Composer_Id`, `user_Id`) VALUES (10004,'title', 'arranger', 1, 2019, 1, 4, 'notes', 10002, 100);
INSERT INTO `concertPlanner`.`Composition` (`Id`,`title`, `arranger`, `duration`, `year`, `clocks_commission`, `number_of_players`, `notes`, `Composer_Id`, `user_Id`) VALUES (10005,'title', 'arranger', 1, 2019, 0, 4, 'notes', 10003, 100);
COMMIT;
START TRANSACTION;
USE `concertPlanner`;
INSERT INTO `concertPlanner`.`Composition_Instrument` (`Id`,`qty`, `player`, `Instrument_id`, `Composition_id`, `user_Id` ) VALUES (10001, 1, 1, 10001, 10001, 100);
INSERT INTO `concertPlanner`.`Composition_Instrument` (`Id`,`qty`, `player`, `Instrument_id`, `Composition_id`, `user_Id` ) VALUES (10002, 1, 2, 10001, 10001, 100);
INSERT INTO `concertPlanner`.`Composition_Instrument` (`Id`,`qty`, `player`, `Instrument_id`, `Composition_id`, `user_Id` ) VALUES (10003, 1, 3, 10002, 10001, 100);
INSERT INTO `concertPlanner`.`Composition_Instrument` (`Id`,`qty`, `player`, `Instrument_id`, `Composition_id`, `user_Id` ) VALUES (10004, 1, 4, 10002, 10001, 100);
COMMIT;
START TRANSACTION;
USE `concertPlanner`;
INSERT INTO `concertPlanner`.`Program` (`Id`,date, title, location, address, city, state, zipcode, status, `user_Id`) VALUES (10001, '2018-04-15', 'House Show', 'Living Room', '123 Sessame St', 'Rainbow', 'AZ', 53716, 'Complete', 100);
INSERT INTO `concertPlanner`.`Program` (`Id`,date, title, location, address, city, state, zipcode, status, `user_Id`) VALUES (10002, '2019-01-03', 'Winter Tour', 'UW Madison', '123 Sessame St', 'Rainbow', 'WI', 53716, 'In Progress', 100);
INSERT INTO `concertPlanner`.`Program` (`Id`,date, title, location, address, city, state, zipcode, status, `user_Id`) VALUES (10003, '2019-04-20', 'Spring Tour', 'CSU', '123 Sessame St', 'Rainbow', 'OH', 53716, 'TBD', 100);
INSERT INTO `concertPlanner`.`Program` (`Id`,date, title, location, address, city, state, zipcode, status, `user_Id`) VALUES (10004, '2019-09-10', 'Fall Tour', 'Western MI', '123 Sessame St', 'Rainbow', 'MI', 53716, 'TBD', 100);
COMMIT;
START TRANSACTION;
USE `concertPlanner`;
INSERT INTO concertPlanner.Composition_Program (`Id`,player, Composition_id, Musician_id, Program_id, `user_Id`) VALUES (10001, 1, 10001, 10001, 1, 100);
INSERT INTO concertPlanner.Composition_Program (`Id`,player, Composition_id, Musician_id, Program_id, `user_Id`) VALUES (10002, 2, 10001, 10002, 2, 100);
INSERT INTO concertPlanner.Composition_Program (`Id`,player, Composition_id, Musician_id, Program_id, `user_Id`) VALUES (10003, 3, 10001, 10003, 3, 100);
INSERT INTO concertPlanner.Composition_Program (`Id`,player, Composition_id, Musician_id, Program_id, `user_Id`) VALUES (10004, 4, 10001, 10004, 4, 100);
COMMIT;
