SET @OLD_UNIQUE_CHECKS = @@UNIQUE_CHECKS, UNIQUE_CHECKS = 0;
SET @OLD_FOREIGN_KEY_CHECKS = @@FOREIGN_KEY_CHECKS, FOREIGN_KEY_CHECKS = 0;
CREATE SCHEMA IF NOT EXISTS `test_concertPlanner` DEFAULT CHARACTER SET latin1 ;
USE `test_concertPlanner`;
DROP TABLE IF EXISTS `test_concertPlanner`.`Nationality`;
CREATE TABLE IF NOT EXISTS `test_concertPlanner`.`Nationality` (`Id` INT(11) NOT NULL AUTO_INCREMENT,`nationality` VARCHAR(100) NOT NULL,PRIMARY KEY (`Id`))ENGINE = InnoDB AUTO_INCREMENT = 4 DEFAULT CHARACTER SET = latin1;
DROP TABLE IF EXISTS `test_concertPlanner`.`Composer`;
CREATE TABLE IF NOT EXISTS `test_concertPlanner`.`Composer` (`Id` INT(11) NOT NULL AUTO_INCREMENT,`first_name` VARCHAR(100) NOT NULL, `last_name` VARCHAR(100) NOT NULL, `birth_year` INT(11) NULL DEFAULT NULL, `death_year` INT(11) NULL DEFAULT NULL, `Nationality_Id` INT(11) NOT NULL, PRIMARY KEY (`Id`), INDEX `Composer_Nationality` (`Nationality_Id` ASC), CONSTRAINT `Composer_Nationality` FOREIGN KEY (`Nationality_Id`) REFERENCES `test_concertPlanner`.`Nationality` (`Id`) ON UPDATE CASCADE) ENGINE = InnoDB AUTO_INCREMENT = 7 DEFAULT CHARACTER SET = latin1;
DROP TABLE IF EXISTS `test_concertPlanner`.`Composition`;
CREATE TABLE IF NOT EXISTS `test_concertPlanner`.`Composition` (`Id` INT(11) NOT NULL AUTO_INCREMENT, `title` VARCHAR(100) NOT NULL, `arranger` VARCHAR(100) NULL DEFAULT NULL, `duration` INT(11) NOT NULL, `year` INT(11) NOT NULL, `number_of_players` INT(11) NOT NULL, `notes` VARCHAR(300) NOT NULL, `Composer_Id` INT(11) NOT NULL, `clocks_commission` TINYINT NULL, PRIMARY KEY (`Id`), INDEX `Composition_Composer` (`Composer_Id` ASC), CONSTRAINT `Composition_Composer` FOREIGN KEY (`Composer_Id`) REFERENCES `test_concertPlanner`.`Composer` (`Id`)) ENGINE = InnoDB DEFAULT CHARACTER SET = latin1;
DROP TABLE IF EXISTS `test_concertPlanner`.`Instrument_Category`;
CREATE TABLE IF NOT EXISTS `test_concertPlanner`.`Instrument_Category` (`Id` INT(11) NOT NULL AUTO_INCREMENT, `category` VARCHAR(100) NOT NULL, PRIMARY KEY (`Id`)) ENGINE = InnoDB AUTO_INCREMENT = 7 DEFAULT CHARACTER SET = latin1;
DROP TABLE IF EXISTS `test_concertPlanner`.`Instrument`;
CREATE TABLE IF NOT EXISTS `test_concertPlanner`.`Instrument` (`Id` INT(11) NOT NULL AUTO_INCREMENT, `name` VARCHAR(100) NOT NULL, `Instrument_Category_Id` INT(11) NOT NULL, PRIMARY KEY (`Id`), INDEX `Instrument_Instrument_Category` (`Instrument_Category_Id` ASC), CONSTRAINT `Instrument_Instrument_Category` FOREIGN KEY (`Instrument_Category_Id`) REFERENCES `test_concertPlanner`.`Instrument_Category` (`Id`)) ENGINE = InnoDB AUTO_INCREMENT = 21 DEFAULT CHARACTER SET = latin1;
DROP TABLE IF EXISTS `test_concertPlanner`.`Composition_Instrument`;
CREATE TABLE IF NOT EXISTS `test_concertPlanner`.`Composition_Instrument` (`Id` INT(11) NOT NULL AUTO_INCREMENT, `qty` INT(11) NOT NULL, `player` INT(11) NOT NULL, `Instrument_Id` INT(11) NOT NULL, `Composition_Id` INT(11) NOT NULL, PRIMARY KEY (`Id`), INDEX `Composition_Instrument_Composition` (`Composition_Id` ASC), INDEX `Composition_Instrument_Instrument` (`Instrument_Id` ASC), CONSTRAINT `Composition_Instrument_Composition` FOREIGN KEY (`Composition_Id`) REFERENCES `test_concertPlanner`.`Composition` (`Id`), CONSTRAINT `Composition_Instrument_Instrument` FOREIGN KEY (`Instrument_Id`) REFERENCES `test_concertPlanner`.`Instrument` (`Id`)) ENGINE = InnoDB DEFAULT CHARACTER SET = latin1;
DROP TABLE IF EXISTS `test_concertPlanner`.`Musician`;
CREATE TABLE IF NOT EXISTS `test_concertPlanner`.`Musician` (`Id` INT(11) NOT NULL AUTO_INCREMENT, `first_name` VARCHAR(50) NOT NULL, `last_name` VARCHAR(50) NOT NULL, `phone_number` VARCHAR(20) NULL DEFAULT NULL, PRIMARY KEY (`Id`)) ENGINE = InnoDB AUTO_INCREMENT = 7 DEFAULT CHARACTER SET = latin1;
DROP TABLE IF EXISTS `test_concertPlanner`.`Program`;
CREATE TABLE IF NOT EXISTS `test_concertPlanner`.`Program` (`Id` INT(11) NOT NULL AUTO_INCREMENT, `date` DATE NOT NULL, `title` VARCHAR(100) NOT NULL, `location` VARCHAR(100) NOT NULL, `address` VARCHAR(100) NOT NULL, `city` VARCHAR(100) NOT NULL, `state` VARCHAR(2) NOT NULL, PRIMARY KEY (`Id`)) ENGINE = InnoDB DEFAULT CHARACTER SET = latin1;
DROP TABLE IF EXISTS `test_concertPlanner`.`Composition_Program`;
CREATE TABLE IF NOT EXISTS `test_concertPlanner`.`Composition_Program` (`Id` INT(11) NOT NULL AUTO_INCREMENT, `player` INT(11) NOT NULL, `Composition_Id` INT(11) NOT NULL, `Musician_Id` INT(11) NOT NULL, `Program_Id` INT(11) NOT NULL, PRIMARY KEY (`Id`), INDEX `Composition_Program_Composition` (`Composition_Id` ASC), INDEX `Composition_Program_Musician` (`Musician_Id` ASC), INDEX `Composition_Program_Program` (`Program_Id` ASC), CONSTRAINT `Composition_Program_Composition` FOREIGN KEY (`Composition_Id`) REFERENCES `test_concertPlanner`.`Composition` (`Id`), CONSTRAINT `Composition_Program_Musician` FOREIGN KEY (`Musician_Id`) REFERENCES `test_concertPlanner`.`Musician` (`Id`), CONSTRAINT `Composition_Program_Program` FOREIGN KEY (`Program_Id`) REFERENCES `test_concertPlanner`.`Program` (`Id`)) ENGINE = InnoDB DEFAULT CHARACTER SET = latin1;
START TRANSACTION;
USE `test_concertPlanner`;
INSERT INTO `test_concertPlanner`.`Nationality` (`Id`, `nationality`) VALUES (1, 'American');
INSERT INTO `test_concertPlanner`.`Nationality` (`Id`, `nationality`) VALUES (2, 'Muldovian');
INSERT INTO `test_concertPlanner`.`Nationality` (`Id`, `nationality`) VALUES (3, 'French');
COMMIT;
START TRANSACTION;
USE `test_concertPlanner`;
INSERT INTO `test_concertPlanner`.`Composer` (`Id`, `first_name`, `last_name`, `birth_year`, `death_year`, `Nationality_Id`) VALUES (1, 'Mark', 'Mellits', 1966, NULL, 1);
INSERT INTO `test_concertPlanner`.`Composer` (`Id`, `first_name`, `last_name`, `birth_year`, `death_year`, `Nationality_Id`) VALUES (2, 'John', 'Jeffery-Gibbens', 1959, NULL, 1);
INSERT INTO `test_concertPlanner`.`Composer` (`Id`, `first_name`, `last_name`, `birth_year`, `death_year`, `Nationality_Id`) VALUES (3, 'John', 'Cage', 1912, 1992, 1);
INSERT INTO `test_concertPlanner`.`Composer` (`Id`, `first_name`, `last_name`, `birth_year`, `death_year`, `Nationality_Id`) VALUES (4, 'Valeria', 'Luta', NULL, NULL, 2);
INSERT INTO `test_concertPlanner`.`Composer` (`Id`, `first_name`, `last_name`, `birth_year`, `death_year`, `Nationality_Id`) VALUES (5, 'John', 'Luther Adams', NULL, NULL, 1);
INSERT INTO `test_concertPlanner`.`Composer` (`Id`, `first_name`, `last_name`, `birth_year`, `death_year`, `Nationality_Id`) VALUES (6, 'Steve', 'Reich', 1936, NULL, 1);
COMMIT;
START TRANSACTION;
USE `test_concertPlanner`;
INSERT INTO `test_concertPlanner`.`Instrument_Category` (`Id`, `category`) VALUES (1, 'Keyboards');
INSERT INTO `test_concertPlanner`.`Instrument_Category` (`Id`, `category`) VALUES (2, 'Skins');
INSERT INTO `test_concertPlanner`.`Instrument_Category` (`Id`, `category`) VALUES (3, 'Woods');
INSERT INTO `test_concertPlanner`.`Instrument_Category` (`Id`, `category`) VALUES (4, 'Metals');
INSERT INTO `test_concertPlanner`.`Instrument_Category` (`Id`, `category`) VALUES (5, 'Accessories');
INSERT INTO `test_concertPlanner`.`Instrument_Category` (`Id`, `category`) VALUES (6, 'Other');
COMMIT;
START TRANSACTION;
USE `test_concertPlanner`;
INSERT INTO `test_concertPlanner`.`Instrument` (`Id`, `name`, `Instrument_Category_Id`) VALUES (1, 'Marimba', 1);
INSERT INTO `test_concertPlanner`.`Instrument` (`Id`, `name`, `Instrument_Category_Id`) VALUES (2, 'Vibraphone', 1);
INSERT INTO `test_concertPlanner`.`Instrument` (`Id`, `name`, `Instrument_Category_Id`) VALUES (3, 'Marimba - Quarter Tone', 1);
INSERT INTO `test_concertPlanner`.`Instrument` (`Id`, `name`, `Instrument_Category_Id`) VALUES (4, 'Tuned Gong', 4);
INSERT INTO `test_concertPlanner`.`Instrument` (`Id`, `name`, `Instrument_Category_Id`) VALUES (5, 'Galvatone - Naturals', 1);
INSERT INTO `test_concertPlanner`.`Instrument` (`Id`, `name`, `Instrument_Category_Id`) VALUES (6, 'Galvatone - Quarter Tone', 1);
INSERT INTO `test_concertPlanner`.`Instrument` (`Id`, `name`, `Instrument_Category_Id`) VALUES (7, 'Tin Cans', 4);
INSERT INTO `test_concertPlanner`.`Instrument` (`Id`, `name`, `Instrument_Category_Id`) VALUES (8, 'Piano', 6);
INSERT INTO `test_concertPlanner`.`Instrument` (`Id`, `name`, `Instrument_Category_Id`) VALUES (9, 'Drum', 2);
INSERT INTO `test_concertPlanner`.`Instrument` (`Id`, `name`, `Instrument_Category_Id`) VALUES (10, 'Clave', 3);
INSERT INTO `test_concertPlanner`.`Instrument` (`Id`, `name`, `Instrument_Category_Id`) VALUES (11, 'Miraccas', 5);
INSERT INTO `test_concertPlanner`.`Instrument` (`Id`, `name`, `Instrument_Category_Id`) VALUES (12, 'Log Drum', 3);
INSERT INTO `test_concertPlanner`.`Instrument` (`Id`, `name`, `Instrument_Category_Id`) VALUES (13, 'China Symbol', 4);
INSERT INTO `test_concertPlanner`.`Instrument` (`Id`, `name`, `Instrument_Category_Id`) VALUES (14, 'Indo Chinese Rattle', 5);
INSERT INTO `test_concertPlanner`.`Instrument` (`Id`, `name`, `Instrument_Category_Id`) VALUES (15, 'Lion\'s Roar', 2);
INSERT INTO `test_concertPlanner`.`Instrument` (`Id`, `name`, `Instrument_Category_Id`) VALUES (16, 'Cow Bell', 5);
INSERT INTO `test_concertPlanner`.`Instrument` (`Id`, `name`, `Instrument_Category_Id`) VALUES (17, 'Cricket Caller', 5);
INSERT INTO `test_concertPlanner`.`Instrument` (`Id`, `name`, `Instrument_Category_Id`) VALUES (18, 'Vibraslap', 5);
INSERT INTO `test_concertPlanner`.`Instrument` (`Id`, `name`, `Instrument_Category_Id`) VALUES (19, 'Conch Shell', 5);
INSERT INTO `test_concertPlanner`.`Instrument` (`Id`, `name`, `Instrument_Category_Id`) VALUES (20, 'Hammer Dulcimer', 6);
COMMIT;
START TRANSACTION;
USE `test_concertPlanner`;
INSERT INTO `test_concertPlanner`.`Musician` (`Id`, `first_name`, `last_name`, `phone_number`) VALUES (1, 'Sean', 'Kleve', '123');
INSERT INTO `test_concertPlanner`.`Musician` (`Id`, `first_name`, `last_name`, `phone_number`) VALUES (2, 'Matthew', 'Coley', '123');
INSERT INTO `test_concertPlanner`.`Musician` (`Id`, `first_name`, `last_name`, `phone_number`) VALUES (3, 'Andrew', 'Viet', '123');
INSERT INTO `test_concertPlanner`.`Musician` (`Id`, `first_name`, `last_name`, `phone_number`) VALUES (4, 'Kyle', 'Flens', '123');
INSERT INTO `test_concertPlanner`.`Musician` (`Id`, `first_name`, `last_name`, `phone_number`) VALUES (5, 'Garrett', 'Mendelow', '123');
COMMIT;

