SET @OLD_UNIQUE_CHECKS = @@UNIQUE_CHECKS, UNIQUE_CHECKS = 0;
SET @OLD_FOREIGN_KEY_CHECKS = @@FOREIGN_KEY_CHECKS, FOREIGN_KEY_CHECKS = 0;
CREATE SCHEMA IF NOT EXISTS `test_concertPlanner` DEFAULT CHARACTER SET latin1 ;
USE `test_concertPlanner`;
DROP TABLE IF EXISTS `test_concertPlanner`.`Nationality`;
CREATE TABLE IF NOT EXISTS `test_concertPlanner`.`Nationality` (`id` INT(11) NOT NULL AUTO_INCREMENT,`nationality` VARCHAR(100) NOT NULL,PRIMARY KEY (`id`))ENGINE = InnoDB AUTO_INCREMENT = 4 DEFAULT CHARACTER SET = latin1;
DROP TABLE IF EXISTS `test_concertPlanner`.`Composer`;
CREATE TABLE IF NOT EXISTS `test_concertPlanner`.`Composer` (`id` INT(11) NOT NULL AUTO_INCREMENT,`first_name` VARCHAR(100) NOT NULL, `last_name` VARCHAR(100) NOT NULL, `birth_year` INT(11) NULL DEFAULT NULL, `death_year` INT(11) NULL DEFAULT NULL, `Nationality_id` INT(11) NOT NULL, PRIMARY KEY (`id`), INDEX `Composer_Nationality` (`Nationality_id` ASC), CONSTRAINT `Composer_Nationality` FOREIGN KEY (`Nationality_id`) REFERENCES `test_concertPlanner`.`Nationality` (`id`) ON UPDATE CASCADE) ENGINE = InnoDB AUTO_INCREMENT = 7 DEFAULT CHARACTER SET = latin1;
DROP TABLE IF EXISTS `test_concertPlanner`.`Composition`;
CREATE TABLE IF NOT EXISTS `test_concertPlanner`.`Composition` (`id` INT(11) NOT NULL AUTO_INCREMENT, `title` VARCHAR(100) NOT NULL, `arranger` VARCHAR(100) NULL DEFAULT NULL, `duration` INT(11) NOT NULL, `year` INT(11) NOT NULL, `number_of_players` INT(11) NOT NULL, `notes` VARCHAR(300) NOT NULL, `Composer_id` INT(11) NOT NULL, `clocks_commission` TINYINT NULL, PRIMARY KEY (`id`), INDEX `Composition_Composer` (`Composer_id` ASC), CONSTRAINT `Composition_Composer` FOREIGN KEY (`Composer_id`) REFERENCES `test_concertPlanner`.`Composer` (`id`)) ENGINE = InnoDB DEFAULT CHARACTER SET = latin1;
DROP TABLE IF EXISTS `test_concertPlanner`.InstrumentCategory;
CREATE TABLE IF NOT EXISTS `test_concertPlanner`.`InstrumentCategory` (`id` INT(11) NOT NULL AUTO_INCREMENT, `category` VARCHAR(100) NOT NULL, PRIMARY KEY (`id`)) ENGINE = InnoDB AUTO_INCREMENT = 7 DEFAULT CHARACTER SET = latin1;
DROP TABLE IF EXISTS `test_concertPlanner`.`Instrument`;
CREATE TABLE IF NOT EXISTS `test_concertPlanner`.`Instrument` (`id` INT(11) NOT NULL AUTO_INCREMENT, `name` VARCHAR(100) NOT NULL, `InstrumentCategory_id` INT(11) NOT NULL, PRIMARY KEY (`id`), INDEX `Instrument_InstrumentCategory` (`InstrumentCategory_id` ASC), CONSTRAINT `Instrument_InstrumentCategory` FOREIGN KEY (`InstrumentCategory_id`) REFERENCES `test_concertPlanner`.InstrumentCategory (`id`)) ENGINE = InnoDB AUTO_INCREMENT = 21 DEFAULT CHARACTER SET = latin1;
DROP TABLE IF EXISTS `test_concertPlanner`.`Composition_Instrument`;
CREATE TABLE IF NOT EXISTS `test_concertPlanner`.`Composition_Instrument` (`id` INT(11) NOT NULL AUTO_INCREMENT, `qty` INT(11) NOT NULL, `player` INT(11) NOT NULL, `Instrument_id` INT(11) NOT NULL, `Composition_id` INT(11) NOT NULL, PRIMARY KEY (`id`), INDEX `Composition_Instrument_Composition` (`Composition_id` ASC), INDEX `Composition_Instrument_Instrument` (`Instrument_id` ASC), CONSTRAINT `Composition_Instrument_Composition` FOREIGN KEY (`Composition_id`) REFERENCES `test_concertPlanner`.`Composition` (`id`), CONSTRAINT `Composition_Instrument_Instrument` FOREIGN KEY (`Instrument_id`) REFERENCES `test_concertPlanner`.`Instrument` (`id`)) ENGINE = InnoDB DEFAULT CHARACTER SET = latin1;
DROP TABLE IF EXISTS `test_concertPlanner`.`Musician`;
CREATE TABLE IF NOT EXISTS `test_concertPlanner`.`Musician` (`id` INT(11) NOT NULL AUTO_INCREMENT, `first_name` VARCHAR(50) NOT NULL, `last_name` VARCHAR(50) NOT NULL, `phone_number` VARCHAR(20) NULL DEFAULT NULL, PRIMARY KEY (`id`)) ENGINE = InnoDB AUTO_INCREMENT = 7 DEFAULT CHARACTER SET = latin1;
DROP TABLE IF EXISTS `test_concertPlanner`.`Program`;
CREATE TABLE IF NOT EXISTS `test_concertPlanner`.`Program` (`id` INT(11) NOT NULL AUTO_INCREMENT, `date` DATE NOT NULL, `title` VARCHAR(100) NOT NULL, `location` VARCHAR(100) NOT NULL, `address` VARCHAR(100) NOT NULL, `city` VARCHAR(100) NOT NULL, `state` VARCHAR(2) NOT NULL, PRIMARY KEY (`id`)) ENGINE = InnoDB DEFAULT CHARACTER SET = latin1;
DROP TABLE IF EXISTS `test_concertPlanner`.`Composition_Program`;
CREATE TABLE IF NOT EXISTS `test_concertPlanner`.`Composition_Program` (`id` INT(11) NOT NULL AUTO_INCREMENT, `player` INT(11) NOT NULL, `Composition_id` INT(11) NOT NULL, `Musician_id` INT(11) NOT NULL, `Program_id` INT(11) NOT NULL, PRIMARY KEY (`id`), INDEX `Composition_Program_Composition` (`Composition_id` ASC), INDEX `Composition_Program_Musician` (`Musician_id` ASC), INDEX `Composition_Program_Program` (`Program_id` ASC), CONSTRAINT `Composition_Program_Composition` FOREIGN KEY (`Composition_id`) REFERENCES `test_concertPlanner`.`Composition` (`id`), CONSTRAINT `Composition_Program_Musician` FOREIGN KEY (`Musician_id`) REFERENCES `test_concertPlanner`.`Musician` (`id`), CONSTRAINT `Composition_Program_Program` FOREIGN KEY (`Program_id`) REFERENCES `test_concertPlanner`.`Program` (`id`)) ENGINE = InnoDB DEFAULT CHARACTER SET = latin1;
START TRANSACTION;
USE `test_concertPlanner`;
INSERT INTO `test_concertPlanner`.`Nationality` (`id`, `nationality`) VALUES (1, 'American');
INSERT INTO `test_concertPlanner`.`Nationality` (`id`, `nationality`) VALUES (2, 'Muldovian');
INSERT INTO `test_concertPlanner`.`Nationality` (`id`, `nationality`) VALUES (3, 'French');
COMMIT;
START TRANSACTION;
USE `test_concertPlanner`;
INSERT INTO `test_concertPlanner`.`Composer` (`id`, `first_name`, `last_name`, `birth_year`, `death_year`, `Nationality_id`) VALUES (1, 'Mark', 'Mellits', 1966, NULL, 1);
INSERT INTO `test_concertPlanner`.`Composer` (`id`, `first_name`, `last_name`, `birth_year`, `death_year`, `Nationality_id`) VALUES (2, 'John', 'Jeffery-Gibbens', 1959, NULL, 1);
INSERT INTO `test_concertPlanner`.`Composer` (`id`, `first_name`, `last_name`, `birth_year`, `death_year`, `Nationality_id`) VALUES (3, 'John', 'Cage', 1912, 1992, 1);
INSERT INTO `test_concertPlanner`.`Composer` (`id`, `first_name`, `last_name`, `birth_year`, `death_year`, `Nationality_id`) VALUES (4, 'Valeria', 'Luta', NULL, NULL, 2);
INSERT INTO `test_concertPlanner`.`Composer` (`id`, `first_name`, `last_name`, `birth_year`, `death_year`, `Nationality_id`) VALUES (5, 'John', 'Luther Adams', NULL, NULL, 1);
INSERT INTO `test_concertPlanner`.`Composer` (`id`, `first_name`, `last_name`, `birth_year`, `death_year`, `Nationality_id`) VALUES (6, 'Steve', 'Reich', 1936, NULL, 1);
COMMIT;
START TRANSACTION;
USE `test_concertPlanner`;
INSERT INTO `test_concertPlanner`.InstrumentCategory (`id`, `category`) VALUES (1, 'Keyboards');
INSERT INTO `test_concertPlanner`.InstrumentCategory (`id`, `category`) VALUES (2, 'Skins');
INSERT INTO `test_concertPlanner`.InstrumentCategory (`id`, `category`) VALUES (3, 'Woods');
INSERT INTO `test_concertPlanner`.InstrumentCategory (`id`, `category`) VALUES (4, 'Metals');
INSERT INTO `test_concertPlanner`.InstrumentCategory (`id`, `category`) VALUES (5, 'Accessories');
INSERT INTO `test_concertPlanner`.InstrumentCategory (`id`, `category`) VALUES (6, 'Other');
COMMIT;
START TRANSACTION;
USE `test_concertPlanner`;
INSERT INTO `test_concertPlanner`.`Instrument` (`id`, `name`, InstrumentCategory_id) VALUES (1, 'Marimba', 1);
INSERT INTO `test_concertPlanner`.`Instrument` (`id`, `name`, InstrumentCategory_id) VALUES (2, 'Vibraphone', 1);
INSERT INTO `test_concertPlanner`.`Instrument` (`id`, `name`, InstrumentCategory_id) VALUES (3, 'Marimba - Quarter Tone', 1);
INSERT INTO `test_concertPlanner`.`Instrument` (`id`, `name`, InstrumentCategory_id) VALUES (4, 'Tuned Gong', 4);
INSERT INTO `test_concertPlanner`.`Instrument` (`id`, `name`, InstrumentCategory_id) VALUES (5, 'Galvatone - Naturals', 1);
INSERT INTO `test_concertPlanner`.`Instrument` (`id`, `name`, InstrumentCategory_id) VALUES (6, 'Galvatone - Quarter Tone', 1);
INSERT INTO `test_concertPlanner`.`Instrument` (`id`, `name`, InstrumentCategory_id) VALUES (7, 'Tin Cans', 4);
INSERT INTO `test_concertPlanner`.`Instrument` (`id`, `name`, InstrumentCategory_id) VALUES (8, 'Piano', 6);
INSERT INTO `test_concertPlanner`.`Instrument` (`id`, `name`, InstrumentCategory_id) VALUES (9, 'Drum', 2);
INSERT INTO `test_concertPlanner`.`Instrument` (`id`, `name`, InstrumentCategory_id) VALUES (10, 'Clave', 3);
INSERT INTO `test_concertPlanner`.`Instrument` (`id`, `name`, InstrumentCategory_id) VALUES (11, 'Miraccas', 5);
INSERT INTO `test_concertPlanner`.`Instrument` (`id`, `name`, InstrumentCategory_id) VALUES (12, 'Log Drum', 3);
INSERT INTO `test_concertPlanner`.`Instrument` (`id`, `name`, InstrumentCategory_id) VALUES (13, 'China Symbol', 4);
INSERT INTO `test_concertPlanner`.`Instrument` (`id`, `name`, InstrumentCategory_id) VALUES (14, 'Indo Chinese Rattle', 5);
INSERT INTO `test_concertPlanner`.`Instrument` (`id`, `name`, InstrumentCategory_id) VALUES (15, 'Lion\'s Roar', 2);
INSERT INTO `test_concertPlanner`.`Instrument` (`id`, `name`, InstrumentCategory_id) VALUES (16, 'Cow Bell', 5);
INSERT INTO `test_concertPlanner`.`Instrument` (`id`, `name`, InstrumentCategory_id) VALUES (17, 'Cricket Caller', 5);
INSERT INTO `test_concertPlanner`.`Instrument` (`id`, `name`, InstrumentCategory_id) VALUES (18, 'Vibraslap', 5);
INSERT INTO `test_concertPlanner`.`Instrument` (`id`, `name`, InstrumentCategory_id) VALUES (19, 'Conch Shell', 5);
INSERT INTO `test_concertPlanner`.`Instrument` (`id`, `name`, InstrumentCategory_id) VALUES (20, 'Hammer Dulcimer', 6);
COMMIT;
START TRANSACTION;
USE `test_concertPlanner`;
INSERT INTO `test_concertPlanner`.`Musician` (`id`, `first_name`, `last_name`, `phone_number`) VALUES (1, 'Sean', 'Kleve', '123');
INSERT INTO `test_concertPlanner`.`Musician` (`id`, `first_name`, `last_name`, `phone_number`) VALUES (2, 'Matthew', 'Coley', '123');
INSERT INTO `test_concertPlanner`.`Musician` (`id`, `first_name`, `last_name`, `phone_number`) VALUES (3, 'Andrew', 'Viet', '123');
INSERT INTO `test_concertPlanner`.`Musician` (`id`, `first_name`, `last_name`, `phone_number`) VALUES (4, 'Kyle', 'Flens', '123');
INSERT INTO `test_concertPlanner`.`Musician` (`id`, `first_name`, `last_name`, `phone_number`) VALUES (5, 'Garrett', 'Mendelow', '123');
COMMIT;

